column,missing_count,missing_pct
Unnamed: 65,5701,1.0
Unnamed: 64,5701,1.0
Unnamed: 63,5701,1.0
VKORC1 QC genotype: -4451 C>A (861); Chr16:31018002; rs17880887; A/C,5250,0.9208910717417997
VKORC1 QC genotype: 1542G>C (6853); chr16:31012010; rs8050894; C/G,5223,0.916155060515699
Genotyped QC Cyp2C9*3,5223,0.916155060515699
Combined QC CYP2C9,5223,0.916155060515699
VKORC1 QC genotype: -1639 G>A (3673); chr16:31015190; rs9923231; C/T,5223,0.916155060515699
VKORC1 QC genotype: 497T>G (5808); chr16:31013055; rs2884737; A/C,5223,0.916155060515699
VKORC1 QC genotype: 1173 C>T(6484); chr16:31012379; rs9934438; A/G,5223,0.916155060515699
VKORC1 QC genotype: 3730 G>A (9041); chr16:31009822; rs7294;  A/G,5223,0.916155060515699
VKORC1 QC genotype: 2255C>T (7566); chr16:31011297; rs2359612; A/G,5223,0.916155060515699
Genotyped QC Cyp2C9*2,5223,0.916155060515699
VKORC1 genotype: -4451 C>A (861); Chr16:31018002; rs17880887; A/C,5161,0.9052797754779863
VKORC1 -4451 consensus,4789,0.8400280652517103
Was Dose of Acetaminophen or Paracetamol (Tylenol) >1300mg/day,4542,0.7967023329240485
Target INR,4442,0.779161550605157
VKORC1 genotype: 497T>G (5808); chr16:31013055; rs2884737; A/C,4102,0.7195228907209261
VKORC1 497 consensus,3818,0.6697070689352745
"Herbal Medications, Vitamins, Supplements",3793,0.6653218733555517
Cerivastatin (Baycol),3565,0.6253288896684792
VKORC1 genotype: 2255C>T (7566); chr16:31011297; rs2359612; A/G,3478,0.6100684090510436
Acetaminophen or Paracetamol (Tylenol),3427,0.6011226100684091
Sulfonamide Antibiotics,3279,0.5751622522364498
Fluvastatin (Lescol),3278,0.5749868444132609
Rifampin or Rifampicin,3278,0.5749868444132609
Macrolide Antibiotics,3278,0.5749868444132609
Rosuvastatin (Crestor),3277,0.574811436590072
Phenytoin (Dilantin),3277,0.574811436590072
Anti-fungal Azoles,3275,0.5744606209436941
Carbamazepine (Tegretol),3271,0.5737589896509384
Lovastatin (Mevacor),3270,0.5735835818277495
Pravastatin (Pravachol),3268,0.5732327661813716
Atorvastatin (Lipitor),3246,0.5693737940712156
VKORC1 2255 consensus,3165,0.5551657603929135
VKORC1 genotype: 3730 G>A (9041); chr16:31009822; rs7294;  A/G,2577,0.45202596035783194
Current Smoker,2481,0.4351868093316962
Diabetes,2418,0.4241361164707946
VKORC1 genotype: 1542G>C (6853); chr16:31012010; rs8050894; C/G,2371,0.4158919487809156
VKORC1 3730 consensus,2357,0.4134362392562708
VKORC1 genotype: 1173 C>T(6484); chr16:31012379; rs9934438; A/G,2338,0.41010349061568147
VKORC1 1542 consensus,2180,0.38238905455183303
VKORC1 1173 consensus,2110,0.37011050692860903
Comorbidities,1956,0.3430977021575162
Estimated Target INR Range Based on Indication,1883,0.33029293106472546
Aspirin,1861,0.3264339589545694
Simvastatin (Zocor),1840,0.3227503946676022
Valve Replacement,1743,0.3057358358182775
Congestive Heart Failure and/or Cardiomyopathy,1689,0.2962638133660761
VKORC1 genotype: -1639 G>A (3673); chr16:31015190; rs9923231; C/T,1655,0.290299947377653
Amiodarone (Cordarone),1519,0.2664444834239607
VKORC1 -1639 consensus,1500,0.26311173478337135
Medications,1405,0.2464479915804245
Height (cm),1147,0.2011927731976846
INR on Reported Therapeutic Dose of Warfarin,733,0.12857393439747414
Indication for Warfarin Treatment,699,0.12261006840905105
Weight (kg),288,0.0505174530784073
Therapeutic Dose of Warfarin,173,0.03034555341168216
CYP2C9 consensus,145,0.02543413436239256
Cyp2C9 genotypes,134,0.023504648307314507
Subject Reached Stable Dose of Warfarin,50,0.00877039115944571
Age,43,0.0075425363971233115
Gender,5,0.0008770391159445711
Ethnicity,1,0.00017540782318891423
Race,1,0.00017540782318891423
PharmGKB Subject ID,1,0.00017540782318891423
